<?xml version="1.0" encoding="UTF-8"?>
<DEFECTS>
  <DEFECT>
    <SFA>
      <FILEPATH>C:\Coding Projects\School\API Design\New_Snake\Claudius\</FILEPATH>
      <FILENAME>Game.cpp</FILENAME>
      <LINE>12</LINE>
      <COLUMN>27</COLUMN>
    </SFA>
    <DEFECTCODE>26472</DEFECTCODE>
    <DESCRIPTION>Don't use a static_cast for arithmetic conversions. Use brace initialization, gsl::narrow_cast or gsl::narrow (type.1).</DESCRIPTION>
    <FUNCTION>Game::seed_random</FUNCTION>
    <DECORATED>?seed_random@Game@@AEBAXXZ</DECORATED>
    <FUNCLINE>10</FUNCLINE>
    <PATH></PATH>
  </DEFECT>
</DEFECTS>