<?xml version="1.0" encoding="UTF-8"?>
<DEFECTS>
  <DEFECT>
    <SFA>
      <FILEPATH>C:\Coding Projects\School\API Design\New_Snake\External\SDL2\include\</FILEPATH>
      <FILENAME>SDL_stdinc.h</FILENAME>
      <LINE>437</LINE>
      <COLUMN>4</COLUMN>
    </SFA>
    <DEFECTCODE>26818</DEFECTCODE>
    <DESCRIPTION>Switch statement does not cover all cases. Consider adding a 'default' label (es.79).</DESCRIPTION>
    <FUNCTION>SDL_memset4</FUNCTION>
    <DECORATED>SDL_memset4</DECORATED>
    <FUNCLINE>420</FUNCLINE>
    <PATH></PATH>
  </DEFECT>
  <DEFECT>
    <SFA>
      <FILEPATH>C:\Coding Projects\School\API Design\New_Snake\External\SDL2\include\</FILEPATH>
      <FILENAME>SDL_endian.h</FILENAME>
      <LINE>198</LINE>
      <COLUMN>11</COLUMN>
    </SFA>
    <DEFECTCODE>26494</DEFECTCODE>
    <DESCRIPTION>Variable 'hi' is uninitialized. Always initialize an object (type.5).</DESCRIPTION>
    <FUNCTION>SDL_Swap64</FUNCTION>
    <DECORATED>SDL_Swap64</DECORATED>
    <FUNCLINE>196</FUNCLINE>
    <ADDITIONALINFO>
      <targetSymbol>hi</targetSymbol>
    </ADDITIONALINFO>
    <PATH></PATH>
  </DEFECT>
  <DEFECT>
    <SFA>
      <FILEPATH>C:\Coding Projects\School\API Design\New_Snake\External\SDL2\include\</FILEPATH>
      <FILENAME>SDL_rect.h</FILENAME>
      <LINE>78</LINE>
      <COLUMN>72</COLUMN>
    </SFA>
    <DEFECTCODE>26812</DEFECTCODE>
    <DESCRIPTION>The enum type 'SDL_bool' is unscoped. Prefer 'enum class' over 'enum' (Enum.3).</DESCRIPTION>
    <FUNCTION>SDL_PointInRect</FUNCTION>
    <DECORATED>SDL_PointInRect</DECORATED>
    <FUNCLINE>76</FUNCLINE>
    <PATH></PATH>
  </DEFECT>
</DEFECTS>